company,category
Adidas AG,Air Emissions
Adidas AG,Biodiversity
Adidas AG,Environmental Management
Adidas AG,Sustainable Product Development
Airbus SE,Biodiversity
Airbus SE,Sustainable Product Development
AkzoNobelNV,Air Emissions
AkzoNobelNV,Biodiversity
AkzoNobelNV,Environmental Management
AkzoNobelNV,Sustainable Product Development
AkzoNobelNV,Sustainable Production
Allianz SE,Biodiversity
Allianz SE,Environmental Management
Allianz SE,Sustainable Product Development
Allianz SE,Sustainable Production
BASF SE,Air Emissions
BASF SE,Biodiversity
BASF SE,Environmental Management
BASF SE,Sustainable Product Development
BASF SE,Sustainable Production
BMW,Air Emissions
BMW,Biodiversity
Bayer AG,Biodiversity
Bayer AG,Environmental Management
Bayer AG,Sustainable Product Development
Beiersdorf AG,Air Emissions
Beiersdorf AG,Biodiversity
Beiersdorf AG,Environmental Management
Beiersdorf AG,Sustainable Product Development
Brenntag,Biodiversity
Brenntag,Sustainable Product Development
Continental AG,Biodiversity
Continental AG,Environmental Management
Deutsche Telekom AG,Sustainable Production
E ONSE,Sustainable Production
Fresenius,Sustainable Production
Heidelberg Cement AG,Sustainable Production
Henkel,Biodiversity
Henkel,Environmental Management
Henkel,Sustainable Product Development
Henkel,Sustainable Production
Infineon Technologies AG,Air Emissions
Infineon Technologies AG,Biodiversity
Infineon Technologies AG,Environmental Management
Infineon Technologies AG,Sustainable Product Development
Infineon Technologies AG,Sustainable Production
Linde,Air Emissions
Linde,Biodiversity
Linde,Environmental Management
Linde,Sustainable Production
MTU,Air Emissions
MTU,Biodiversity
MTU,Environmental Management
MTU,Sustainable Production
Merck KGaA,Air Emissions
Merck KGaA,Biodiversity
Merck KGaA,Environmental Management
Merck KGaA,Sustainable Product Development
Merck KGaA,Sustainable Production
Muenchener Rueckversicherungs Gesellschaft AGin Muenchen,Air Emissions
Muenchener Rueckversicherungs Gesellschaft AGin Muenchen,Biodiversity
Muenchener Rueckversicherungs Gesellschaft AGin Muenchen,Environmental Management
Muenchener Rueckversicherungs Gesellschaft AGin Muenchen,Sustainable Product Development
Muenchener Rueckversicherungs Gesellschaft AGin Muenchen,Sustainable Production
Porsche,Air Emissions
Porsche,Biodiversity
Porsche,Environmental Management
Porsche,Sustainable Product Development
Porsche,Sustainable Production
,
Puma SE,Biodiversity
Puma SE,Environmental Management
Puma SE,Sustainable Product Development
Puma SE,Sustainable Production
Qiagen,Air Emissions
Qiagen,Biodiversity
Qiagen,Environmental Management
Qiagen,Sustainable Product Development
Qiagen,Sustainable Production
RWE AG,Air Emissions
RWE AG,Biodiversity
RWE AG,Environmental Management
RWE AG,Sustainable Product Development
RWE AG,Sustainable Production
SAP,Air Emissions
SAP,Biodiversity
SAP,Environmental Management
SAP,Sustainable Product Development
SAP,Sustainable Production
Sartorius AG,Air Emissions
Sartorius AG,Biodiversity
Sartorius AG,Environmental Management
Sartorius AG,Sustainable Product Development
Sartorius AG,Sustainable Production
Siemens AG,Air Emissions
Siemens AG,Biodiversity
Siemens AG,Environmental Management
Siemens AG,Sustainable Product Development
Siemens AG,Sustainable Production
Siemens Energy,Air Emissions
Siemens Energy,Biodiversity
Siemens Energy,Environmental Management
Siemens Energy,Sustainable Product Development
Siemens Energy,Sustainable Production
Siemens Healthineers AG,Air Emissions
Siemens Healthineers AG,Biodiversity
Siemens Healthineers AG,Environmental Management
Siemens Healthineers AG,Sustainable Product Development
Siemens Healthineers AG,Sustainable Production
Symrise AG,Air Emissions
Symrise AG,Biodiversity
Symrise AG,Environmental Management
Symrise AG,Sustainable Product Development
Symrise AG,Sustainable Production
Volkswagen AG,Biodiversity
Volkswagen AG,Environmental Management
Volkswagen AG,Sustainable Product Development
Volkswagen AG,Sustainable Production
Vonovia,Air Emissions
Vonovia,Biodiversity
Vonovia,Environmental Management
Vonovia,Sustainable Product Development
Vonovia,Sustainable Production
Vonovia SE,Air Emissions
Vonovia SE,Biodiversity
Vonovia SE,Environmental Management
Vonovia SE,Sustainable Product Development
Vonovia SE,Sustainable Production
Zalando SE,Air Emissions
Zalando SE,Biodiversity
Zalando SE,Environmental Management
Zalando SE,Sustainable Product Development
Zalando SE,Sustainable Production
Adidas AG,Business Ethics
Adidas AG,Corporate Governance
Adidas AG,Global Compact
Adidas AG,Lobbying
Adidas AG,Taxes
Airbus SE,Corporate Governance
Airbus SE,Global Compact
Airbus SE,Lobbying
Airbus SE,Taxes
AkzoNobelNV,Business Ethics
AkzoNobelNV,Corporate Governance
AkzoNobelNV,Lobbying
AkzoNobelNV,Taxes
Allianz SE,Business Ethics
Allianz SE,Corporate Governance
Allianz SE,Taxes
BASF SE,Business Ethics
BASF SE,Corporate Governance
BASF SE,Lobbying
BASF SE,Taxes
BMW,Business Ethics
BMW,Corporate Governance
BMW,Global Compact
BMW,Lobbying
BMW,Taxes
Bayer AG,Business Ethics
Bayer AG,Corporate Governance
Bayer AG,Global Compact
Bayer AG,Lobbying
Bayer AG,Taxes
Beiersdorf AG,Business Ethics
Beiersdorf AG,Corporate Governance
Beiersdorf AG,Global Compact
Beiersdorf AG,Lobbying
Beiersdorf AG,Taxes
Brenntag,Business Ethics
Brenntag,Corporate Governance
Brenntag,Global Compact
Continental AG,Business Ethics
Continental AG,Corporate Governance
Continental AG,Global Compact
Covestro AG,Business Ethics
Covestro AG,Global Compact
Covestro AG,Lobbying
Covestro AG,Taxes
Daimler AG,Business Ethics
Daimler AG,Corporate Governance
Daimler AG,Global Compact
Daimler AG,Lobbying
Daimler AG,Taxes
Deutsche Bank AG,Corporate Governance
Deutsche Bank AG,Global Compact
Deutsche Bank AG,Lobbying
Deutsche Bank AG,Taxes
Deutsche Boerse AG,Business Ethics
Deutsche Boerse AG,Corporate Governance
Deutsche Boerse AG,Global Compact
Deutsche Boerse AG,Lobbying
Deutsche Boerse AG,Taxes
Deutsche Post AG,Business Ethics
Deutsche Post AG,Corporate Governance
Deutsche Post AG,Global Compact
Deutsche Post AG,Taxes
Deutsche Telekom AG,Business Ethics
Deutsche Telekom AG,Corporate Governance
Deutsche Telekom AG,Global Compact
Deutsche Telekom AG,Lobbying
Deutsche Telekom AG,Taxes
E ONSE,Business Ethics
E ONSE,Corporate Governance
E ONSE,Global Compact
E ONSE,Lobbying
E ONSE,Taxes
Fresenius,Business Ethics
Fresenius,Corporate Governance
Fresenius,Lobbying
Fresenius,Taxes
Hannover R AG,Business Ethics
Hannover R AG,Corporate Governance
Hannover R AG,Global Compact
Hannover R AG,Taxes
Heidelberg Cement AG,Business Ethics
Heidelberg Cement AG,Corporate Governance
Heidelberg Cement AG,Global Compact
Heidelberg Cement AG,Lobbying
Heidelberg Cement AG,Taxes
Henkel,Business Ethics
Henkel,Corporate Governance
Henkel,Global Compact
Infineon Technologies AG,Business Ethics
Infineon Technologies AG,Corporate Governance
Infineon Technologies AG,Global Compact
Infineon Technologies AG,Taxes
Linde,Business Ethics
Linde,Corporate Governance
Linde,Lobbying
Linde,Taxes
MTU,Business Ethics
MTU,Corporate Governance
MTU,Global Compact
MTU,Lobbying
MTU,Taxes
Merck KGaA,Business Ethics
Merck KGaA,Corporate Governance
Merck KGaA,Global Compact
Merck KGaA,Lobbying
Merck KGaA,Taxes
Muenchener Rueckversicherungs Gesellschaft AGin Muenchen,Business Ethics
Muenchener Rueckversicherungs Gesellschaft AGin Muenchen,Corporate Governance
Muenchener Rueckversicherungs Gesellschaft AGin Muenchen,Global Compact
Muenchener Rueckversicherungs Gesellschaft AGin Muenchen,Lobbying
Muenchener Rueckversicherungs Gesellschaft AGin Muenchen,Taxes
Porsche,Business Ethics
Porsche,Corporate Governance
Porsche,Lobbying
Porsche,Taxes
Puma SE,Business Ethics
Puma SE,Corporate Governance
Puma SE,Global Compact
Puma SE,Taxes
Qiagen,Business Ethics
Qiagen,Corporate Governance
Qiagen,Lobbying
Qiagen,Taxes
RWE AG,Business Ethics
RWE AG,Corporate Governance
RWE AG,Global Compact
RWE AG,Lobbying
RWE AG,Taxes
SAP,Business Ethics
SAP,Corporate Governance
SAP,Global Compact
SAP,Lobbying
SAP,Taxes
Sartorius AG,Business Ethics
Sartorius AG,Corporate Governance
Sartorius AG,Taxes
Siemens AG,Business Ethics
Siemens AG,Corporate Governance
Siemens AG,Global Compact
Siemens AG,Taxes
Siemens Energy,Business Ethics
Siemens Energy,Corporate Governance
Siemens Energy,Global Compact
Siemens Energy,Lobbying
Siemens Energy,Taxes
Siemens Healthineers AG,Business Ethics
Siemens Healthineers AG,Corporate Governance
Siemens Healthineers AG,Global Compact
Siemens Healthineers AG,Taxes
Symrise AG,Business Ethics
Symrise AG,Corporate Governance
Symrise AG,Global Compact
Symrise AG,Taxes
Volkswagen AG,Business Ethics
Volkswagen AG,Corporate Governance
Volkswagen AG,Global Compact
Volkswagen AG,Lobbying
Volkswagen AG,Taxes
Vonovia,Business Ethics
Vonovia,Corporate Governance
Vonovia SE,Business Ethics
Vonovia SE,Corporate Governance
Vonovia SE,Global Compact
Vonovia SE,Lobbying
Vonovia SE,Taxes
Zalando SE,Business Ethics
Zalando SE,Corporate Governance
Zalando SE,Lobbying
Zalando SE,Taxes
Adidas AG,Community and Society
Adidas AG,Customer Relationship
Adidas AG,Human Rights
Adidas AG,Labour Practices
Adidas AG,Product Safety
Adidas AG,Supply Chain
Airbus SE,Community and Society
Airbus SE,Customer Relationship
Airbus SE,Human Rights
Airbus SE,Labour Practices
Airbus SE,Product Safety
Airbus SE,Supply Chain
AkzoNobelNV,Community and Society
AkzoNobelNV,Customer Relationship
AkzoNobelNV,Human Rights
AkzoNobelNV,Labour Practices
AkzoNobelNV,Product Safety
AkzoNobelNV,Supply Chain
Allianz SE,Community and Society
Allianz SE,Customer Relationship
Allianz SE,Human Rights
Allianz SE,Labour Practices
Allianz SE,Product Safety
Allianz SE,Supply Chain
BASF SE,Community and Society
BASF SE,Customer Relationship
BASF SE,Human Rights
BASF SE,Labour Practices
BASF SE,Product Safety
BASF SE,Supply Chain
BMW,Community and Society
BMW,Customer Relationship
BMW,Human Rights
BMW,Labour Practices
BMW,Product Safety
BMW,Supply Chain
Bayer AG,Community and Society
Bayer AG,Customer Relationship
Bayer AG,Human Rights
Bayer AG,Product Safety
Bayer AG,Supply Chain
Beiersdorf AG,Collective Bargaining
Beiersdorf AG,Community and Society
Beiersdorf AG,Customer Relationship
Beiersdorf AG,Human Rights
Beiersdorf AG,Labour Practices
Beiersdorf AG,Product Safety
Beiersdorf AG,Supply Chain
Brenntag,Community and Society
Brenntag,Customer Relationship
Brenntag,Human Rights
Brenntag,Labour Practices
Brenntag,Product Safety
Brenntag,Supply Chain
Continental AG,Community and Society
Continental AG,Customer Relationship
Continental AG,Human Rights
Continental AG,Labour Practices
Continental AG,Product Safety
Continental AG,Supply Chain
Covestro AG,Collective Bargaining
Covestro AG,Community and Society
Covestro AG,Customer Relationship
Covestro AG,Human Rights
Covestro AG,Labour Practices
Covestro AG,Product Safety
Covestro AG,Supply Chain
Daimler AG,Community and Society
Daimler AG,Customer Relationship
Daimler AG,Human Rights
Daimler AG,Labour Practices
Daimler AG,Product Safety
Daimler AG,Supply Chain
Deutsche Bank AG,Community and Society
Deutsche Bank AG,Customer Relationship
Deutsche Bank AG,Financial Inclusion
Deutsche Bank AG,Human Rights
Deutsche Bank AG,Labour Practices
Deutsche Bank AG,Product Safety
Deutsche Bank AG,Supply Chain
Deutsche Boerse AG,Community and Society
Deutsche Boerse AG,Customer Relationship
Deutsche Boerse AG,Human Rights
Deutsche Boerse AG,Labour Practices
Deutsche Boerse AG,Product Safety
Deutsche Boerse AG,Supply Chain
Deutsche Post AG,Community and Society
Deutsche Post AG,Customer Relationship
Deutsche Post AG,Human Rights
Deutsche Post AG,Labour Practices
Deutsche Post AG,Product Safety
Deutsche Post AG,Supply Chain
Deutsche Telekom AG,Community and Society
Deutsche Telekom AG,Customer Relationship
Deutsche Telekom AG,Financial Inclusion
Deutsche Telekom AG,Human Rights
Deutsche Telekom AG,Labour Practices
Deutsche Telekom AG,Product Safety
Deutsche Telekom AG,Supply Chain
E ONSE,Community and Society
E ONSE,Customer Relationship
E ONSE,Human Rights
E ONSE,Labour Practices
E ONSE,Product Safety
E ONSE,Supply Chain
Fresenius,Community and Society
Fresenius,Customer Relationship
Fresenius,Human Rights
Fresenius,Labour Practices
Fresenius,Product Safety
Fresenius,Supply Chain
Hannover R AG,Community and Society
Hannover R AG,Human Rights
Hannover R AG,Labour Practices
Hannover R AG,Product Safety
Hannover R AG,Supply Chain
Heidelberg Cement AG,Community and Society
Heidelberg Cement AG,Customer Relationship
Heidelberg Cement AG,Human Rights
Heidelberg Cement AG,Labour Practices
Heidelberg Cement AG,Product Safety
Heidelberg Cement AG,Supply Chain
Henkel,Community and Society
Henkel,Customer Relationship
Henkel,Human Rights
Henkel,Labour Practices
Henkel,Product Safety
Henkel,Supply Chain
Infineon Technologies AG,Community and Society
Infineon Technologies AG,Customer Relationship
Infineon Technologies AG,Financial Inclusion
Infineon Technologies AG,Human Rights
Infineon Technologies AG,Labour Practices
Infineon Technologies AG,Product Safety
Infineon Technologies AG,Supply Chain
Linde,Community and Society
Linde,Customer Relationship
Linde,Human Rights
Linde,Labour Practices
Linde,Product Safety
Linde,Supply Chain
MTU,Community and Society
MTU,Customer Relationship
MTU,Human Rights
MTU,Labour Practices
MTU,Product Safety
Merck KGaA,Community and Society
Merck KGaA,Customer Relationship
Merck KGaA,Human Rights
Merck KGaA,Labour Practices
Merck KGaA,Product Safety
Merck KGaA,Supply Chain
Muenchener Rueckversicherungs Gesellschaft AGin Muenchen,Community and Society
Muenchener Rueckversicherungs Gesellschaft AGin Muenchen,Customer Relationship
Muenchener Rueckversicherungs Gesellschaft AGin Muenchen,Financial Inclusion
Muenchener Rueckversicherungs Gesellschaft AGin Muenchen,Human Rights
Muenchener Rueckversicherungs Gesellschaft AGin Muenchen,Labour Practices
Muenchener Rueckversicherungs Gesellschaft AGin Muenchen,Product Safety
Muenchener Rueckversicherungs Gesellschaft AGin Muenchen,Supply Chain
Porsche,Collective Bargaining
Porsche,Community and Society
Porsche,Customer Relationship
Porsche,Product Safety
Porsche,Supply Chain
Puma SE,Community and Society
Puma SE,Customer Relationship
Puma SE,Human Rights
Puma SE,Labour Practices
Puma SE,Supply Chain
Qiagen,Community and Society
Qiagen,Customer Relationship
Qiagen,Human Rights
Qiagen,Labour Practices
Qiagen,Product Safety
Qiagen,Supply Chain
RWE AG,Community and Society
RWE AG,Customer Relationship
RWE AG,Human Rights
RWE AG,Labour Practices
RWE AG,Product Safety
RWE AG,Supply Chain
SAP,Community and Society
SAP,Customer Relationship
SAP,Human Rights
SAP,Product Safety
SAP,Supply Chain
Sartorius AG,Community and Society
Sartorius AG,Customer Relationship
Sartorius AG,Human Rights
Sartorius AG,Labour Practices
Sartorius AG,Product Safety
Sartorius AG,Supply Chain
Siemens AG,Community and Society
Siemens AG,Customer Relationship
Siemens AG,Human Rights
Siemens AG,Labour Practices
Siemens AG,Product Safety
Siemens AG,Supply Chain
Siemens Energy,Community and Society
Siemens Energy,Customer Relationship
Siemens Energy,Human Rights
Siemens Energy,Labour Practices
Siemens Energy,Product Safety
Siemens Energy,Supply Chain
Siemens Healthineers AG,Community and Society
Siemens Healthineers AG,Customer Relationship
Siemens Healthineers AG,Human Rights
Siemens Healthineers AG,Labour Practices
Siemens Healthineers AG,Product Safety
Siemens Healthineers AG,Supply Chain
Symrise AG,Collective Bargaining
Symrise AG,Community and Society
Symrise AG,Customer Relationship
Symrise AG,Human Rights
Symrise AG,Labour Practices
Symrise AG,Product Safety
Symrise AG,Supply Chain
Volkswagen AG,Community and Society
Volkswagen AG,Customer Relationship
Volkswagen AG,Human Rights
Volkswagen AG,Labour Practices
Volkswagen AG,Product Safety
Volkswagen AG,Supply Chain
Vonovia,Community and Society
Vonovia,Customer Relationship
Vonovia,Labour Practices
Vonovia SE,Community and Society
Vonovia SE,Customer Relationship
Vonovia SE,Human Rights
Vonovia SE,Labour Practices
Zalando SE,Community and Society
Zalando SE,Customer Relationship
Zalando SE,Human Rights
Zalando SE,Labour Practices
Zalando SE,Product Safety
Zalando SE,Supply Chain